{
    "loss": 3.116786003112793,
    "accuracy": 0.7927447557449341
}